INSERT INTO JAVASCHOOL.PASSENGER (NAME, SURNAME, DOB, EMAIL, PASSWORD) VALUES ('Steven', 'King', '2000-05-24', 'JavaSchool777@mail.ru', '05142eb90690fde9f289cce83e8109e65e0a2c55');
INSERT INTO JAVASCHOOL.PASSENGER (NAME, SURNAME, DOB, EMAIL, PASSWORD) VALUES ('Neena', 'Kochhar', '1990-08-19', 'JavaSchool7771@mail.ru', '05142eb90690fde9f289cce83e8109e65e0a2c55');
INSERT INTO JAVASCHOOL.PASSENGER (NAME, SURNAME, DOB, EMAIL, PASSWORD) VALUES ('Lex', 'De Haan', '1989-12-20', 'JavaSchool7772@mail.ru', '05142eb90690fde9f289cce83e8109e65e0a2c55');
INSERT INTO JAVASCHOOL.PASSENGER (NAME, SURNAME, DOB, EMAIL, PASSWORD) VALUES ('Alexander', 'Hunold', '1995-06-09', 'JavaSchool7773@mail.ru', '05142eb90690fde9f289cce83e8109e65e0a2c55');
INSERT INTO JAVASCHOOL.PASSENGER (NAME, SURNAME, DOB, EMAIL, PASSWORD) VALUES ('David', 'Austin', '1998-11-18', 'JavaSchool7774@mail.ru', '05142eb90690fde9f289cce83e8109e65e0a2c55');
INSERT INTO JAVASCHOOL.PASSENGER (NAME, SURNAME, DOB, EMAIL, PASSWORD) VALUES ('Valli', 'Pataballa', '1985-07-20', 'JavaSchool7775@mail.ru', '05142eb90690fde9f289cce83e8109e65e0a2c55');
INSERT INTO JAVASCHOOL.PASSENGER (NAME, SURNAME, DOB, EMAIL, PASSWORD) VALUES ('Diana', 'Lorentz', '1987-11-19', 'JavaSchool7776@mail.ru', '05142eb90690fde9f289cce83e8109e65e0a2c55');
INSERT INTO JAVASCHOOL.PASSENGER (NAME, SURNAME, DOB, EMAIL, PASSWORD) VALUES ('Bruce', 'Ernst', '1991-01-08', 'JavaSchool7777@mail.ru', '05142eb90690fde9f289cce83e8109e65e0a2c55');
INSERT INTO JAVASCHOOL.PASSENGER (NAME, SURNAME, DOB, EMAIL, PASSWORD) VALUES ('Nancy', 'Greenberg', '1994-12-01', 'JavaSchool7778@mail.ru', '05142eb90690fde9f289cce83e8109e65e0a2c55');
INSERT INTO JAVASCHOOL.PASSENGER (NAME, SURNAME, DOB, EMAIL, PASSWORD) VALUES ('Daniel', 'Faviet', '1997-04-20', 'JavaSchool7779@mail.ru', '05142eb90690fde9f289cce83e8109e65e0a2c55');

INSERT INTO JAVASCHOOL.EMPLOYEE (NAME, SURNAME, EMAIL, PASSWORD) VALUES ('John', 'Chen', 'JavaSchool1777@mail.ru', '05142eb90690fde9f289cce83e8109e65e0a2c55');
INSERT INTO JAVASCHOOL.EMPLOYEE (NAME, SURNAME, EMAIL, PASSWORD) VALUES ('Ismael', 'Sciarra', 'JavaSchool2777@mail.ru', '05142eb90690fde9f289cce83e8109e65e0a2c55');
INSERT INTO JAVASCHOOL.EMPLOYEE (NAME, SURNAME, EMAIL, PASSWORD) VALUES ('Viktor', 'Buevich', 'VBuevich777@yahoo.com', '05142eb90690fde9f289cce83e8109e65e0a2c55');

INSERT INTO JAVASCHOOL.TRAIN (TRAIN_NUMBER, SEATS) VALUES ('1001', '80');
INSERT INTO JAVASCHOOL.TRAIN (TRAIN_NUMBER, SEATS) VALUES ('1002', '70');
INSERT INTO JAVASCHOOL.TRAIN (TRAIN_NUMBER, SEATS) VALUES ('1003', '80');
INSERT INTO JAVASCHOOL.TRAIN (TRAIN_NUMBER, SEATS) VALUES ('1004', '70');
INSERT INTO JAVASCHOOL.TRAIN (TRAIN_NUMBER, SEATS) VALUES ('1301', '80');
INSERT INTO JAVASCHOOL.TRAIN (TRAIN_NUMBER, SEATS) VALUES ('1440', '80');
INSERT INTO JAVASCHOOL.TRAIN (TRAIN_NUMBER, SEATS) VALUES ('1450', '70');
INSERT INTO JAVASCHOOL.TRAIN (TRAIN_NUMBER, SEATS) VALUES ('1501', '80');
INSERT INTO JAVASCHOOL.TRAIN (TRAIN_NUMBER, SEATS) VALUES ('1502', '70');
INSERT INTO JAVASCHOOL.TRAIN (TRAIN_NUMBER, SEATS) VALUES ('1503', '80');
INSERT INTO JAVASCHOOL.TRAIN (TRAIN_NUMBER, SEATS) VALUES ('1777', '80');

INSERT INTO JAVASCHOOL.STATION (STATION_NAME) VALUES ('Station A');
INSERT INTO JAVASCHOOL.STATION (STATION_NAME) VALUES ('Station B');
INSERT INTO JAVASCHOOL.STATION (STATION_NAME) VALUES ('Station C');
INSERT INTO JAVASCHOOL.STATION (STATION_NAME) VALUES ('Station D');
INSERT INTO JAVASCHOOL.STATION (STATION_NAME) VALUES ('Station E');
INSERT INTO JAVASCHOOL.STATION (STATION_NAME) VALUES ('Station F');
INSERT INTO JAVASCHOOL.STATION (STATION_NAME) VALUES ('Station G');
INSERT INTO JAVASCHOOL.STATION (STATION_NAME) VALUES ('Station H');
INSERT INTO JAVASCHOOL.STATION (STATION_NAME) VALUES ('Station I');
INSERT INTO JAVASCHOOL.STATION (STATION_NAME) VALUES ('Station J');
INSERT INTO JAVASCHOOL.STATION (STATION_NAME) VALUES ('Station X');

INSERT INTO JAVASCHOOL.SCHEDULE (TIME, STATION_NAME, TRAIN_NUMBER) VALUES ('13:00:00', 'Station A', '1001');
INSERT INTO JAVASCHOOL.SCHEDULE (TIME, STATION_NAME, TRAIN_NUMBER) VALUES ('14:00:00', 'Station B', '1001');
INSERT INTO JAVASCHOOL.SCHEDULE (TIME, STATION_NAME, TRAIN_NUMBER) VALUES ('15:00:00', 'Station C', '1001');
INSERT INTO JAVASCHOOL.SCHEDULE (TIME, STATION_NAME, TRAIN_NUMBER) VALUES ('16:00:00', 'Station D', '1001');
INSERT INTO JAVASCHOOL.SCHEDULE (TIME, STATION_NAME, TRAIN_NUMBER) VALUES ('17:00:00', 'Station E', '1001');
INSERT INTO JAVASCHOOL.SCHEDULE (TIME, STATION_NAME, TRAIN_NUMBER) VALUES ('18:00:00', 'Station F', '1001');
INSERT INTO JAVASCHOOL.SCHEDULE (TIME, STATION_NAME, TRAIN_NUMBER) VALUES ('19:00:00', 'Station G', '1001');
INSERT INTO JAVASCHOOL.SCHEDULE (TIME, STATION_NAME, TRAIN_NUMBER) VALUES ('20:00:00', 'Station H', '1001');
INSERT INTO JAVASCHOOL.SCHEDULE (TIME, STATION_NAME, TRAIN_NUMBER) VALUES ('21:00:00', 'Station I', '1001');
INSERT INTO JAVASCHOOL.SCHEDULE (TIME, STATION_NAME, TRAIN_NUMBER) VALUES ('22:00:00', 'Station J', '1001');

INSERT INTO JAVASCHOOL.SCHEDULE (TIME, STATION_NAME, TRAIN_NUMBER) VALUES ('14:00:00', 'Station A', '1002');
INSERT INTO JAVASCHOOL.SCHEDULE (TIME, STATION_NAME, TRAIN_NUMBER) VALUES ('16:00:00', 'Station C', '1002');
INSERT INTO JAVASCHOOL.SCHEDULE (TIME, STATION_NAME, TRAIN_NUMBER) VALUES ('18:00:00', 'Station E', '1002');
INSERT INTO JAVASCHOOL.SCHEDULE (TIME, STATION_NAME, TRAIN_NUMBER) VALUES ('20:00:00', 'Station G', '1002');
INSERT INTO JAVASCHOOL.SCHEDULE (TIME, STATION_NAME, TRAIN_NUMBER) VALUES ('22:00:00', 'Station I', '1002');

INSERT INTO JAVASCHOOL.SCHEDULE (TIME, STATION_NAME, TRAIN_NUMBER) VALUES ('11:30:00', 'Station B', '1003');
INSERT INTO JAVASCHOOL.SCHEDULE (TIME, STATION_NAME, TRAIN_NUMBER) VALUES ('13:30:00', 'Station D', '1003');
INSERT INTO JAVASCHOOL.SCHEDULE (TIME, STATION_NAME, TRAIN_NUMBER) VALUES ('15:30:00', 'Station F', '1003');
INSERT INTO JAVASCHOOL.SCHEDULE (TIME, STATION_NAME, TRAIN_NUMBER) VALUES ('17:30:00', 'Station H', '1003');
INSERT INTO JAVASCHOOL.SCHEDULE (TIME, STATION_NAME, TRAIN_NUMBER) VALUES ('19:30:00', 'Station J', '1003');

INSERT INTO JAVASCHOOL.SCHEDULE (TIME, STATION_NAME, TRAIN_NUMBER) VALUES ('14:20:00', 'Station A', '1004');
INSERT INTO JAVASCHOOL.SCHEDULE (TIME, STATION_NAME, TRAIN_NUMBER) VALUES ('17:20:00', 'Station E', '1004');
INSERT INTO JAVASCHOOL.SCHEDULE (TIME, STATION_NAME, TRAIN_NUMBER) VALUES ('18:20:00', 'Station F', '1004');
INSERT INTO JAVASCHOOL.SCHEDULE (TIME, STATION_NAME, TRAIN_NUMBER) VALUES ('22:20:00', 'Station J', '1004');

INSERT INTO JAVASCHOOL.SCHEDULE (TIME, STATION_NAME, TRAIN_NUMBER) VALUES ('10:40:00', 'Station J', '1301');
INSERT INTO JAVASCHOOL.SCHEDULE (TIME, STATION_NAME, TRAIN_NUMBER) VALUES ('20:40:00', 'Station A', '1301');

INSERT INTO JAVASCHOOL.SCHEDULE (TIME, STATION_NAME, TRAIN_NUMBER) VALUES ('11:20:00', 'Station I', '1440');
INSERT INTO JAVASCHOOL.SCHEDULE (TIME, STATION_NAME, TRAIN_NUMBER) VALUES ('13:20:00', 'Station G', '1440');
INSERT INTO JAVASCHOOL.SCHEDULE (TIME, STATION_NAME, TRAIN_NUMBER) VALUES ('15:20:00', 'Station E', '1440');
INSERT INTO JAVASCHOOL.SCHEDULE (TIME, STATION_NAME, TRAIN_NUMBER) VALUES ('17:20:00', 'Station C', '1440');
INSERT INTO JAVASCHOOL.SCHEDULE (TIME, STATION_NAME, TRAIN_NUMBER) VALUES ('19:20:00', 'Station A', '1440');

INSERT INTO JAVASCHOOL.SCHEDULE (TIME, STATION_NAME, TRAIN_NUMBER) VALUES ('14:15:00', 'Station J', '1450');
INSERT INTO JAVASCHOOL.SCHEDULE (TIME, STATION_NAME, TRAIN_NUMBER) VALUES ('16:15:00', 'Station H', '1450');
INSERT INTO JAVASCHOOL.SCHEDULE (TIME, STATION_NAME, TRAIN_NUMBER) VALUES ('18:15:00', 'Station F', '1450');
INSERT INTO JAVASCHOOL.SCHEDULE (TIME, STATION_NAME, TRAIN_NUMBER) VALUES ('20:15:00', 'Station D', '1450');
INSERT INTO JAVASCHOOL.SCHEDULE (TIME, STATION_NAME, TRAIN_NUMBER) VALUES ('22:15:00', 'Station B', '1450');

INSERT INTO JAVASCHOOL.SCHEDULE (TIME, STATION_NAME, TRAIN_NUMBER) VALUES ('13:35:00', 'Station J', '1501');
INSERT INTO JAVASCHOOL.SCHEDULE (TIME, STATION_NAME, TRAIN_NUMBER) VALUES ('15:35:00', 'Station H', '1501');
INSERT INTO JAVASCHOOL.SCHEDULE (TIME, STATION_NAME, TRAIN_NUMBER) VALUES ('17:35:00', 'Station F', '1501');

INSERT INTO JAVASCHOOL.SCHEDULE (TIME, STATION_NAME, TRAIN_NUMBER) VALUES ('10:55:00', 'Station D', '1502');
INSERT INTO JAVASCHOOL.SCHEDULE (TIME, STATION_NAME, TRAIN_NUMBER) VALUES ('13:55:00', 'Station B', '1502');
INSERT INTO JAVASCHOOL.SCHEDULE (TIME, STATION_NAME, TRAIN_NUMBER) VALUES ('15:55:00', 'Station A', '1502');

INSERT INTO JAVASCHOOL.SCHEDULE (TIME, STATION_NAME, TRAIN_NUMBER) VALUES ('12:10:00', 'Station H', '1503');
INSERT INTO JAVASCHOOL.SCHEDULE (TIME, STATION_NAME, TRAIN_NUMBER) VALUES ('14:10:00', 'Station F', '1503');
INSERT INTO JAVASCHOOL.SCHEDULE (TIME, STATION_NAME, TRAIN_NUMBER) VALUES ('16:10:00', 'Station D', '1503');
INSERT INTO JAVASCHOOL.SCHEDULE (TIME, STATION_NAME, TRAIN_NUMBER) VALUES ('18:10:00', 'Station B', '1503');

INSERT INTO JAVASCHOOL.SCHEDULE (TIME, STATION_NAME, TRAIN_NUMBER) VALUES ('20:00:00', 'Station A', '1777');
INSERT INTO JAVASCHOOL.SCHEDULE (TIME, STATION_NAME, TRAIN_NUMBER) VALUES ('23:50:00', 'Station F', '1777');

INSERT INTO JAVASCHOOL.TICKET (DEPARTURE_STATION, ARRIVAL_STATION, PASSENGER_ID, TRAIN_NUMBER, IS_ONE_WAY) VALUES ('Station A', 'Station B', 1, 1001, true);
INSERT INTO JAVASCHOOL.TICKET (DEPARTURE_STATION, ARRIVAL_STATION, PASSENGER_ID, TRAIN_NUMBER, IS_ONE_WAY) VALUES ('Station A', 'Station C', 2, 1001, true);
INSERT INTO JAVASCHOOL.TICKET (DEPARTURE_STATION, ARRIVAL_STATION, PASSENGER_ID, TRAIN_NUMBER, IS_ONE_WAY) VALUES ('Station A', 'Station D', 3, 1001, true);
INSERT INTO JAVASCHOOL.TICKET (DEPARTURE_STATION, ARRIVAL_STATION, PASSENGER_ID, TRAIN_NUMBER, IS_ONE_WAY) VALUES ('Station B', 'Station E', 4, 1001, true);
INSERT INTO JAVASCHOOL.TICKET (DEPARTURE_STATION, ARRIVAL_STATION, PASSENGER_ID, TRAIN_NUMBER, IS_ONE_WAY) VALUES ('Station B', 'Station F', 5, 1001, true);
INSERT INTO JAVASCHOOL.TICKET (DEPARTURE_STATION, ARRIVAL_STATION, PASSENGER_ID, TRAIN_NUMBER, IS_ONE_WAY) VALUES ('Station B', 'Station G', 6, 1001, true);
INSERT INTO JAVASCHOOL.TICKET (DEPARTURE_STATION, ARRIVAL_STATION, PASSENGER_ID, TRAIN_NUMBER, IS_ONE_WAY) VALUES ('Station C', 'Station H', 7, 1001, true);
INSERT INTO JAVASCHOOL.TICKET (DEPARTURE_STATION, ARRIVAL_STATION, PASSENGER_ID, TRAIN_NUMBER, IS_ONE_WAY) VALUES ('Station D', 'Station I', 8, 1001, true);
INSERT INTO JAVASCHOOL.TICKET (DEPARTURE_STATION, ARRIVAL_STATION, PASSENGER_ID, TRAIN_NUMBER, IS_ONE_WAY) VALUES ('Station E', 'Station J', 9, 1001, true);
INSERT INTO JAVASCHOOL.TICKET (DEPARTURE_STATION, ARRIVAL_STATION, PASSENGER_ID, TRAIN_NUMBER, IS_ONE_WAY) VALUES ('Station F', 'Station G', 10, 1001, true);

INSERT INTO JAVASCHOOL.TICKET (DEPARTURE_STATION, ARRIVAL_STATION, PASSENGER_ID, TRAIN_NUMBER, IS_ONE_WAY) VALUES ('Station A', 'Station C', 2, 1002, true);
INSERT INTO JAVASCHOOL.TICKET (DEPARTURE_STATION, ARRIVAL_STATION, PASSENGER_ID, TRAIN_NUMBER, IS_ONE_WAY) VALUES ('Station A', 'Station E', 4, 1002, true);
INSERT INTO JAVASCHOOL.TICKET (DEPARTURE_STATION, ARRIVAL_STATION, PASSENGER_ID, TRAIN_NUMBER, IS_ONE_WAY) VALUES ('Station A', 'Station G', 6, 1002, true);
INSERT INTO JAVASCHOOL.TICKET (DEPARTURE_STATION, ARRIVAL_STATION, PASSENGER_ID, TRAIN_NUMBER, IS_ONE_WAY) VALUES ('Station C', 'Station E', 8, 1002, true);
INSERT INTO JAVASCHOOL.TICKET (DEPARTURE_STATION, ARRIVAL_STATION, PASSENGER_ID, TRAIN_NUMBER, IS_ONE_WAY) VALUES ('Station E', 'Station I', 10, 1002, true);

INSERT INTO JAVASCHOOL.TICKET (DEPARTURE_STATION, ARRIVAL_STATION, PASSENGER_ID, TRAIN_NUMBER, IS_ONE_WAY) VALUES ('Station B', 'Station F', 1, 1003, true);
INSERT INTO JAVASCHOOL.TICKET (DEPARTURE_STATION, ARRIVAL_STATION, PASSENGER_ID, TRAIN_NUMBER, IS_ONE_WAY) VALUES ('Station B', 'Station H', 3, 1003, true);
INSERT INTO JAVASCHOOL.TICKET (DEPARTURE_STATION, ARRIVAL_STATION, PASSENGER_ID, TRAIN_NUMBER, IS_ONE_WAY) VALUES ('Station B', 'Station J', 5, 1003, true);
INSERT INTO JAVASCHOOL.TICKET (DEPARTURE_STATION, ARRIVAL_STATION, PASSENGER_ID, TRAIN_NUMBER, IS_ONE_WAY) VALUES ('Station D', 'Station H', 7, 1003, true);
INSERT INTO JAVASCHOOL.TICKET (DEPARTURE_STATION, ARRIVAL_STATION, PASSENGER_ID, TRAIN_NUMBER, IS_ONE_WAY) VALUES ('Station F', 'Station J', 9, 1003, true);
