INSERT INTO JAVASCHOOL.TEMPLATE_TRAIN (TEMPLATE_ID) VALUES ('LUX');
INSERT INTO JAVASCHOOL.TEMPLATE_TRAIN (TEMPLATE_ID) VALUES ('ECO');

INSERT INTO JAVASCHOOL.PASSENGER (NAME, SURNAME, DOB, EMAIL, PASSWORD, PASS_RECOVERY) VALUES ('Steven', 'King', '2000-05-24', 'JavaSchool777@mail.ru', '05142eb90690fde9f289cce83e8109e65e0a2c55', 'secret');
INSERT INTO JAVASCHOOL.PASSENGER (NAME, SURNAME, DOB, EMAIL, PASSWORD, PASS_RECOVERY) VALUES ('Neena', 'Kochhar', '1990-08-19', 'JavaSchool7771@mail.ru', '05142eb90690fde9f289cce83e8109e65e0a2c55', 'secret');
INSERT INTO JAVASCHOOL.PASSENGER (NAME, SURNAME, DOB, EMAIL, PASSWORD, PASS_RECOVERY) VALUES ('Lex', 'De Haan', '1989-12-20', 'JavaSchool7772@mail.ru', '05142eb90690fde9f289cce83e8109e65e0a2c55', 'secret');
INSERT INTO JAVASCHOOL.PASSENGER (NAME, SURNAME, DOB, EMAIL, PASSWORD, PASS_RECOVERY) VALUES ('Alexander', 'Hunold', '1995-06-09', 'JavaSchool7773@mail.ru', '05142eb90690fde9f289cce83e8109e65e0a2c55', 'secret');
INSERT INTO JAVASCHOOL.PASSENGER (NAME, SURNAME, DOB, EMAIL, PASSWORD, PASS_RECOVERY) VALUES ('David', 'Austin', '1998-11-18', 'JavaSchool7774@mail.ru', '05142eb90690fde9f289cce83e8109e65e0a2c55', 'secret');
INSERT INTO JAVASCHOOL.PASSENGER (NAME, SURNAME, DOB, EMAIL, PASSWORD, PASS_RECOVERY) VALUES ('Valli', 'Pataballa', '1985-07-20', 'JavaSchool7775@mail.ru', '05142eb90690fde9f289cce83e8109e65e0a2c55', 'secret');
INSERT INTO JAVASCHOOL.PASSENGER (NAME, SURNAME, DOB, EMAIL, PASSWORD, PASS_RECOVERY) VALUES ('Diana', 'Lorentz', '1987-11-19', 'JavaSchool7776@mail.ru', '05142eb90690fde9f289cce83e8109e65e0a2c55', 'secret');
INSERT INTO JAVASCHOOL.PASSENGER (NAME, SURNAME, DOB, EMAIL, PASSWORD, PASS_RECOVERY) VALUES ('Bruce', 'Ernst', '1991-01-08', 'JavaSchool7777@mail.ru', '05142eb90690fde9f289cce83e8109e65e0a2c55', 'secret');
INSERT INTO JAVASCHOOL.PASSENGER (NAME, SURNAME, DOB, EMAIL, PASSWORD, PASS_RECOVERY) VALUES ('Nancy', 'Greenberg', '1994-12-01', 'JavaSchool7778@mail.ru', '05142eb90690fde9f289cce83e8109e65e0a2c55', 'secret');
INSERT INTO JAVASCHOOL.PASSENGER (NAME, SURNAME, DOB, EMAIL, PASSWORD, PASS_RECOVERY) VALUES ('Daniel', 'Faviet', '1997-04-20', 'JavaSchool7779@mail.ru', '05142eb90690fde9f289cce83e8109e65e0a2c55', 'secret');
INSERT INTO JAVASCHOOL.PASSENGER (NAME, SURNAME, DOB, EMAIL, PASSWORD, PASS_RECOVERY) VALUES ('Vasily', 'Pupkin', '1980-10-04', 'javaschool.railroad@gmail.com', '05142eb90690fde9f289cce83e8109e65e0a2c55', 'secret');

INSERT INTO JAVASCHOOL.EMPLOYEE (NAME, SURNAME, EMAIL, PASSWORD, PASS_RECOVERY) VALUES ('John', 'Chen', 'JavaSchool1777@mail.ru', '05142eb90690fde9f289cce83e8109e65e0a2c55', 'secret');
INSERT INTO JAVASCHOOL.EMPLOYEE (NAME, SURNAME, EMAIL, PASSWORD, PASS_RECOVERY) VALUES ('Ismael', 'Sciarra', 'JavaSchool2777@mail.ru', '05142eb90690fde9f289cce83e8109e65e0a2c55', 'secret');
INSERT INTO JAVASCHOOL.EMPLOYEE (NAME, SURNAME, EMAIL, PASSWORD, PASS_RECOVERY) VALUES ('Viktor', 'Buevich', 'VBuevich777@yahoo.com', '05142eb90690fde9f289cce83e8109e65e0a2c55', 'secret');
INSERT INTO JAVASCHOOL.EMPLOYEE (NAME, SURNAME, EMAIL, PASSWORD, PASS_RECOVERY) VALUES ('Admin', 'Root', 'javaschool.railroad@gmail.com', '05142eb90690fde9f289cce83e8109e65e0a2c55', 'secret');

INSERT INTO JAVASCHOOL.TRAIN (TRAIN_NUMBER, TEMPLATE_ID) VALUES ('1001','ECO');
INSERT INTO JAVASCHOOL.TRAIN (TRAIN_NUMBER, TEMPLATE_ID) VALUES ('1002','ECO');
INSERT INTO JAVASCHOOL.TRAIN (TRAIN_NUMBER, TEMPLATE_ID) VALUES ('1003','ECO');
INSERT INTO JAVASCHOOL.TRAIN (TRAIN_NUMBER, TEMPLATE_ID) VALUES ('1004','LUX');
INSERT INTO JAVASCHOOL.TRAIN (TRAIN_NUMBER, TEMPLATE_ID) VALUES ('1301','ECO');
INSERT INTO JAVASCHOOL.TRAIN (TRAIN_NUMBER, TEMPLATE_ID) VALUES ('1440','ECO');
INSERT INTO JAVASCHOOL.TRAIN (TRAIN_NUMBER, TEMPLATE_ID) VALUES ('1450','ECO');
INSERT INTO JAVASCHOOL.TRAIN (TRAIN_NUMBER, TEMPLATE_ID) VALUES ('1501','ECO');
INSERT INTO JAVASCHOOL.TRAIN (TRAIN_NUMBER, TEMPLATE_ID) VALUES ('1502','ECO');
INSERT INTO JAVASCHOOL.TRAIN (TRAIN_NUMBER, TEMPLATE_ID) VALUES ('1503','ECO');
INSERT INTO JAVASCHOOL.TRAIN (TRAIN_NUMBER, TEMPLATE_ID) VALUES ('1777','ECO');

INSERT INTO JAVASCHOOL.STATION (STATION_NAME) VALUES ('Saint Peterburg'); -- Station A
INSERT INTO JAVASCHOOL.STATION (STATION_NAME) VALUES ('Malaya Vishera'); -- Station B
INSERT INTO JAVASCHOOL.STATION (STATION_NAME) VALUES ('Okulovka'); -- Station C
INSERT INTO JAVASCHOOL.STATION (STATION_NAME) VALUES ('Bologoe Moskovskoe'); -- Station D
INSERT INTO JAVASCHOOL.STATION (STATION_NAME) VALUES ('Tver'); -- Station E
INSERT INTO JAVASCHOOL.STATION (STATION_NAME) VALUES ('Moscow'); -- Station F
INSERT INTO JAVASCHOOL.STATION (STATION_NAME) VALUES ('Orekhovo Zuevo'); -- Station G
INSERT INTO JAVASCHOOL.STATION (STATION_NAME) VALUES ('Vladimir'); -- Station H
INSERT INTO JAVASCHOOL.STATION (STATION_NAME) VALUES ('Dzerzhinsk'); -- Station I
INSERT INTO JAVASCHOOL.STATION (STATION_NAME) VALUES ('Nizhny Novgorod'); -- Station J
INSERT INTO JAVASCHOOL.STATION (STATION_NAME) VALUES ('Kazan'); -- Station X

INSERT INTO JAVASCHOOL.SCHEDULE (TIME, STATION_NAME, TRAIN_NUMBER) VALUES ('13:00:00', 'Saint Peterburg', '1001');
INSERT INTO JAVASCHOOL.SCHEDULE (TIME, STATION_NAME, TRAIN_NUMBER) VALUES ('14:00:00', 'Malaya Vishera', '1001');
INSERT INTO JAVASCHOOL.SCHEDULE (TIME, STATION_NAME, TRAIN_NUMBER) VALUES ('15:00:00', 'Okulovka', '1001');
INSERT INTO JAVASCHOOL.SCHEDULE (TIME, STATION_NAME, TRAIN_NUMBER) VALUES ('16:00:00', 'Bologoe Moskovskoe', '1001');
INSERT INTO JAVASCHOOL.SCHEDULE (TIME, STATION_NAME, TRAIN_NUMBER) VALUES ('17:00:00', 'Tver', '1001');
INSERT INTO JAVASCHOOL.SCHEDULE (TIME, STATION_NAME, TRAIN_NUMBER) VALUES ('18:00:00', 'Moscow', '1001');
INSERT INTO JAVASCHOOL.SCHEDULE (TIME, STATION_NAME, TRAIN_NUMBER) VALUES ('19:00:00', 'Orekhovo Zuevo', '1001');
INSERT INTO JAVASCHOOL.SCHEDULE (TIME, STATION_NAME, TRAIN_NUMBER) VALUES ('20:00:00', 'Vladimir', '1001');
INSERT INTO JAVASCHOOL.SCHEDULE (TIME, STATION_NAME, TRAIN_NUMBER) VALUES ('21:00:00', 'Dzerzhinsk', '1001');
INSERT INTO JAVASCHOOL.SCHEDULE (TIME, STATION_NAME, TRAIN_NUMBER) VALUES ('22:00:00', 'Nizhny Novgorod', '1001');

INSERT INTO JAVASCHOOL.SCHEDULE (TIME, STATION_NAME, TRAIN_NUMBER) VALUES ('14:00:00', 'Saint Peterburg', '1002');
INSERT INTO JAVASCHOOL.SCHEDULE (TIME, STATION_NAME, TRAIN_NUMBER) VALUES ('16:00:00', 'Okulovka', '1002');
INSERT INTO JAVASCHOOL.SCHEDULE (TIME, STATION_NAME, TRAIN_NUMBER) VALUES ('18:00:00', 'Tver', '1002');
INSERT INTO JAVASCHOOL.SCHEDULE (TIME, STATION_NAME, TRAIN_NUMBER) VALUES ('20:00:00', 'Orekhovo Zuevo', '1002');
INSERT INTO JAVASCHOOL.SCHEDULE (TIME, STATION_NAME, TRAIN_NUMBER) VALUES ('22:00:00', 'Dzerzhinsk', '1002');

INSERT INTO JAVASCHOOL.SCHEDULE (TIME, STATION_NAME, TRAIN_NUMBER) VALUES ('11:30:00', 'Malaya Vishera', '1003');
INSERT INTO JAVASCHOOL.SCHEDULE (TIME, STATION_NAME, TRAIN_NUMBER) VALUES ('13:30:00', 'Bologoe Moskovskoe', '1003');
INSERT INTO JAVASCHOOL.SCHEDULE (TIME, STATION_NAME, TRAIN_NUMBER) VALUES ('15:30:00', 'Moscow', '1003');
INSERT INTO JAVASCHOOL.SCHEDULE (TIME, STATION_NAME, TRAIN_NUMBER) VALUES ('17:30:00', 'Vladimir', '1003');
INSERT INTO JAVASCHOOL.SCHEDULE (TIME, STATION_NAME, TRAIN_NUMBER) VALUES ('19:30:00', 'Nizhny Novgorod', '1003');

INSERT INTO JAVASCHOOL.SCHEDULE (TIME, STATION_NAME, TRAIN_NUMBER) VALUES ('14:20:00', 'Saint Peterburg', '1004');
INSERT INTO JAVASCHOOL.SCHEDULE (TIME, STATION_NAME, TRAIN_NUMBER) VALUES ('17:20:00', 'Tver', '1004');
INSERT INTO JAVASCHOOL.SCHEDULE (TIME, STATION_NAME, TRAIN_NUMBER) VALUES ('18:20:00', 'Moscow', '1004');
INSERT INTO JAVASCHOOL.SCHEDULE (TIME, STATION_NAME, TRAIN_NUMBER) VALUES ('22:20:00', 'Nizhny Novgorod', '1004');

INSERT INTO JAVASCHOOL.SCHEDULE (TIME, STATION_NAME, TRAIN_NUMBER) VALUES ('10:40:00', 'Nizhny Novgorod', '1301');
INSERT INTO JAVASCHOOL.SCHEDULE (TIME, STATION_NAME, TRAIN_NUMBER) VALUES ('20:40:00', 'Saint Peterburg', '1301');

INSERT INTO JAVASCHOOL.SCHEDULE (TIME, STATION_NAME, TRAIN_NUMBER) VALUES ('11:20:00', 'Dzerzhinsk', '1440');
INSERT INTO JAVASCHOOL.SCHEDULE (TIME, STATION_NAME, TRAIN_NUMBER) VALUES ('13:20:00', 'Orekhovo Zuevo', '1440');
INSERT INTO JAVASCHOOL.SCHEDULE (TIME, STATION_NAME, TRAIN_NUMBER) VALUES ('15:20:00', 'Tver', '1440');
INSERT INTO JAVASCHOOL.SCHEDULE (TIME, STATION_NAME, TRAIN_NUMBER) VALUES ('17:20:00', 'Okulovka', '1440');
INSERT INTO JAVASCHOOL.SCHEDULE (TIME, STATION_NAME, TRAIN_NUMBER) VALUES ('19:20:00', 'Saint Peterburg', '1440');

INSERT INTO JAVASCHOOL.SCHEDULE (TIME, STATION_NAME, TRAIN_NUMBER) VALUES ('14:15:00', 'Nizhny Novgorod', '1450');
INSERT INTO JAVASCHOOL.SCHEDULE (TIME, STATION_NAME, TRAIN_NUMBER) VALUES ('16:15:00', 'Vladimir', '1450');
INSERT INTO JAVASCHOOL.SCHEDULE (TIME, STATION_NAME, TRAIN_NUMBER) VALUES ('18:15:00', 'Moscow', '1450');
INSERT INTO JAVASCHOOL.SCHEDULE (TIME, STATION_NAME, TRAIN_NUMBER) VALUES ('20:15:00', 'Bologoe Moskovskoe', '1450');
INSERT INTO JAVASCHOOL.SCHEDULE (TIME, STATION_NAME, TRAIN_NUMBER) VALUES ('22:15:00', 'Malaya Vishera', '1450');

INSERT INTO JAVASCHOOL.SCHEDULE (TIME, STATION_NAME, TRAIN_NUMBER) VALUES ('13:35:00', 'Nizhny Novgorod', '1501');
INSERT INTO JAVASCHOOL.SCHEDULE (TIME, STATION_NAME, TRAIN_NUMBER) VALUES ('15:35:00', 'Vladimir', '1501');
INSERT INTO JAVASCHOOL.SCHEDULE (TIME, STATION_NAME, TRAIN_NUMBER) VALUES ('17:35:00', 'Moscow', '1501');

INSERT INTO JAVASCHOOL.SCHEDULE (TIME, STATION_NAME, TRAIN_NUMBER) VALUES ('10:55:00', 'Bologoe Moskovskoe', '1502');
INSERT INTO JAVASCHOOL.SCHEDULE (TIME, STATION_NAME, TRAIN_NUMBER) VALUES ('13:55:00', 'Malaya Vishera', '1502');
INSERT INTO JAVASCHOOL.SCHEDULE (TIME, STATION_NAME, TRAIN_NUMBER) VALUES ('15:55:00', 'Saint Peterburg', '1502');

INSERT INTO JAVASCHOOL.SCHEDULE (TIME, STATION_NAME, TRAIN_NUMBER) VALUES ('12:10:00', 'Vladimir', '1503');
INSERT INTO JAVASCHOOL.SCHEDULE (TIME, STATION_NAME, TRAIN_NUMBER) VALUES ('14:10:00', 'Moscow', '1503');
INSERT INTO JAVASCHOOL.SCHEDULE (TIME, STATION_NAME, TRAIN_NUMBER) VALUES ('16:10:00', 'Bologoe Moskovskoe', '1503');
INSERT INTO JAVASCHOOL.SCHEDULE (TIME, STATION_NAME, TRAIN_NUMBER) VALUES ('18:10:00', 'Malaya Vishera', '1503');

INSERT INTO JAVASCHOOL.SCHEDULE (TIME, STATION_NAME, TRAIN_NUMBER) VALUES ('20:00:00', 'Saint Peterburg', '1777');
INSERT INTO JAVASCHOOL.SCHEDULE (TIME, STATION_NAME, TRAIN_NUMBER) VALUES ('23:50:00', 'Moscow', '1777');

INSERT INTO JAVASCHOOL.TICKET (DEPARTURE_STATION, ARRIVAL_STATION, PASSENGER_ID, TRAIN_NUMBER, IS_ONE_WAY, SEAT) VALUES ('Saint Peterburg', 'Malaya Vishera', 1, 1001, true, '3_3');
INSERT INTO JAVASCHOOL.TICKET (DEPARTURE_STATION, ARRIVAL_STATION, PASSENGER_ID, TRAIN_NUMBER, IS_ONE_WAY, SEAT) VALUES ('Saint Peterburg', 'Okulovka', 2, 1001, true, '3_4');
INSERT INTO JAVASCHOOL.TICKET (DEPARTURE_STATION, ARRIVAL_STATION, PASSENGER_ID, TRAIN_NUMBER, IS_ONE_WAY, SEAT) VALUES ('Saint Peterburg', 'Bologoe Moskovskoe', 3, 1001, true, '6_1');
INSERT INTO JAVASCHOOL.TICKET (DEPARTURE_STATION, ARRIVAL_STATION, PASSENGER_ID, TRAIN_NUMBER, IS_ONE_WAY, SEAT) VALUES ('Malaya Vishera', 'Tver', 4, 1001, true, '7_4');
INSERT INTO JAVASCHOOL.TICKET (DEPARTURE_STATION, ARRIVAL_STATION, PASSENGER_ID, TRAIN_NUMBER, IS_ONE_WAY, SEAT) VALUES ('Malaya Vishera', 'Moscow', 5, 1001, true, '8_3');
INSERT INTO JAVASCHOOL.TICKET (DEPARTURE_STATION, ARRIVAL_STATION, PASSENGER_ID, TRAIN_NUMBER, IS_ONE_WAY, SEAT) VALUES ('Malaya Vishera', 'Orekhovo Zuevo', 6, 1001, true, '8_4');
INSERT INTO JAVASCHOOL.TICKET (DEPARTURE_STATION, ARRIVAL_STATION, PASSENGER_ID, TRAIN_NUMBER, IS_ONE_WAY, SEAT) VALUES ('Okulovka', 'Vladimir', 7, 1001, true, '10_1');
INSERT INTO JAVASCHOOL.TICKET (DEPARTURE_STATION, ARRIVAL_STATION, PASSENGER_ID, TRAIN_NUMBER, IS_ONE_WAY, SEAT) VALUES ('Bologoe Moskovskoe', 'Dzerzhinsk', 8, 1001, true, '10_3');
INSERT INTO JAVASCHOOL.TICKET (DEPARTURE_STATION, ARRIVAL_STATION, PASSENGER_ID, TRAIN_NUMBER, IS_ONE_WAY, SEAT) VALUES ('Tver', 'Nizhny Novgorod', 9, 1001, true, '11_4');
INSERT INTO JAVASCHOOL.TICKET (DEPARTURE_STATION, ARRIVAL_STATION, PASSENGER_ID, TRAIN_NUMBER, IS_ONE_WAY, SEAT) VALUES ('Moscow', 'Orekhovo Zuevo', 10, 1001, true, '14_1');
INSERT INTO JAVASCHOOL.TICKET (DEPARTURE_STATION, ARRIVAL_STATION, PASSENGER_ID, TRAIN_NUMBER, IS_ONE_WAY, SEAT) VALUES ('Saint Peterburg', 'Moscow', 11, 1001, true, '9_1');

INSERT INTO JAVASCHOOL.TICKET (DEPARTURE_STATION, ARRIVAL_STATION, PASSENGER_ID, TRAIN_NUMBER, IS_ONE_WAY, SEAT) VALUES ('Saint Peterburg', 'Okulovka', 2, 1002, true, '2_1');
INSERT INTO JAVASCHOOL.TICKET (DEPARTURE_STATION, ARRIVAL_STATION, PASSENGER_ID, TRAIN_NUMBER, IS_ONE_WAY, SEAT) VALUES ('Saint Peterburg', 'Tver', 4, 1002, true, '4_3');
INSERT INTO JAVASCHOOL.TICKET (DEPARTURE_STATION, ARRIVAL_STATION, PASSENGER_ID, TRAIN_NUMBER, IS_ONE_WAY, SEAT) VALUES ('Saint Peterburg', 'Orekhovo Zuevo', 6, 1002, true, '4_4');
INSERT INTO JAVASCHOOL.TICKET (DEPARTURE_STATION, ARRIVAL_STATION, PASSENGER_ID, TRAIN_NUMBER, IS_ONE_WAY, SEAT) VALUES ('Okulovka', 'Tver', 8, 1002, true, '8_3');
INSERT INTO JAVASCHOOL.TICKET (DEPARTURE_STATION, ARRIVAL_STATION, PASSENGER_ID, TRAIN_NUMBER, IS_ONE_WAY, SEAT) VALUES ('Tver', 'Dzerzhinsk', 10, 1002, true, '12_3');

INSERT INTO JAVASCHOOL.TICKET (DEPARTURE_STATION, ARRIVAL_STATION, PASSENGER_ID, TRAIN_NUMBER, IS_ONE_WAY, SEAT) VALUES ('Malaya Vishera', 'Moscow', 1, 1003, true, '5_4');
INSERT INTO JAVASCHOOL.TICKET (DEPARTURE_STATION, ARRIVAL_STATION, PASSENGER_ID, TRAIN_NUMBER, IS_ONE_WAY, SEAT) VALUES ('Malaya Vishera', 'Vladimir', 3, 1003, true, '8_1');
INSERT INTO JAVASCHOOL.TICKET (DEPARTURE_STATION, ARRIVAL_STATION, PASSENGER_ID, TRAIN_NUMBER, IS_ONE_WAY, SEAT) VALUES ('Malaya Vishera', 'Nizhny Novgorod', 5, 1003, true, '9_3');
INSERT INTO JAVASCHOOL.TICKET (DEPARTURE_STATION, ARRIVAL_STATION, PASSENGER_ID, TRAIN_NUMBER, IS_ONE_WAY, SEAT) VALUES ('Bologoe Moskovskoe', 'Vladimir', 7, 1003, true, '12_1');
INSERT INTO JAVASCHOOL.TICKET (DEPARTURE_STATION, ARRIVAL_STATION, PASSENGER_ID, TRAIN_NUMBER, IS_ONE_WAY, SEAT) VALUES ('Moscow', 'Nizhny Novgorod', 9, 1003, true, '14_4');

INSERT INTO JAVASCHOOL.TEMPLATE_ROWS (TEMPLATE_ID, ROW_NUMBER, ROW_SEATS) VALUES ('ECO', '1', 'e_ee');
INSERT INTO JAVASCHOOL.TEMPLATE_ROWS (TEMPLATE_ID, ROW_NUMBER, ROW_SEATS) VALUES ('ECO', '2', 'e_ee');
INSERT INTO JAVASCHOOL.TEMPLATE_ROWS (TEMPLATE_ID, ROW_NUMBER, ROW_SEATS) VALUES ('ECO', '3', 'e_ee');
INSERT INTO JAVASCHOOL.TEMPLATE_ROWS (TEMPLATE_ID, ROW_NUMBER, ROW_SEATS) VALUES ('ECO', '4', 'e_ee');
INSERT INTO JAVASCHOOL.TEMPLATE_ROWS (TEMPLATE_ID, ROW_NUMBER, ROW_SEATS) VALUES ('ECO', '5', 'e_ee');
INSERT INTO JAVASCHOOL.TEMPLATE_ROWS (TEMPLATE_ID, ROW_NUMBER, ROW_SEATS) VALUES ('ECO', '6', 'e_ee');
INSERT INTO JAVASCHOOL.TEMPLATE_ROWS (TEMPLATE_ID, ROW_NUMBER, ROW_SEATS) VALUES ('ECO', '7', 'e_ee');
INSERT INTO JAVASCHOOL.TEMPLATE_ROWS (TEMPLATE_ID, ROW_NUMBER, ROW_SEATS) VALUES ('ECO', '8', 'e_ee');
INSERT INTO JAVASCHOOL.TEMPLATE_ROWS (TEMPLATE_ID, ROW_NUMBER, ROW_SEATS) VALUES ('ECO', '9', 'e_ee');
INSERT INTO JAVASCHOOL.TEMPLATE_ROWS (TEMPLATE_ID, ROW_NUMBER, ROW_SEATS) VALUES ('ECO', '10', 'e_ee');
INSERT INTO JAVASCHOOL.TEMPLATE_ROWS (TEMPLATE_ID, ROW_NUMBER, ROW_SEATS) VALUES ('ECO', '11', 'e_ee');
INSERT INTO JAVASCHOOL.TEMPLATE_ROWS (TEMPLATE_ID, ROW_NUMBER, ROW_SEATS) VALUES ('ECO', '12', 'e_ee');
INSERT INTO JAVASCHOOL.TEMPLATE_ROWS (TEMPLATE_ID, ROW_NUMBER, ROW_SEATS) VALUES ('ECO', '13', 'e_ee');
INSERT INTO JAVASCHOOL.TEMPLATE_ROWS (TEMPLATE_ID, ROW_NUMBER, ROW_SEATS) VALUES ('ECO', '14', 'e_ee');
INSERT INTO JAVASCHOOL.TEMPLATE_ROWS (TEMPLATE_ID, ROW_NUMBER, ROW_SEATS) VALUES ('ECO', '15', 'e_ee');
INSERT INTO JAVASCHOOL.TEMPLATE_ROWS (TEMPLATE_ID, ROW_NUMBER, ROW_SEATS) VALUES ('LUX', '1', 'ee_e');
INSERT INTO JAVASCHOOL.TEMPLATE_ROWS (TEMPLATE_ID, ROW_NUMBER, ROW_SEATS) VALUES ('LUX', '2', 'ee_e');
INSERT INTO JAVASCHOOL.TEMPLATE_ROWS (TEMPLATE_ID, ROW_NUMBER, ROW_SEATS) VALUES ('LUX', '3', 'ee_e');
INSERT INTO JAVASCHOOL.TEMPLATE_ROWS (TEMPLATE_ID, ROW_NUMBER, ROW_SEATS) VALUES ('LUX', '4', 'ee_e');
INSERT INTO JAVASCHOOL.TEMPLATE_ROWS (TEMPLATE_ID, ROW_NUMBER, ROW_SEATS) VALUES ('LUX', '5', 'ee_e');
INSERT INTO JAVASCHOOL.TEMPLATE_ROWS (TEMPLATE_ID, ROW_NUMBER, ROW_SEATS) VALUES ('LUX', '6', 'ee_e');
INSERT INTO JAVASCHOOL.TEMPLATE_ROWS (TEMPLATE_ID, ROW_NUMBER, ROW_SEATS) VALUES ('LUX', '7', 'ee_e');
INSERT INTO JAVASCHOOL.TEMPLATE_ROWS (TEMPLATE_ID, ROW_NUMBER, ROW_SEATS) VALUES ('LUX', '8', 'ee_e');
INSERT INTO JAVASCHOOL.TEMPLATE_ROWS (TEMPLATE_ID, ROW_NUMBER, ROW_SEATS) VALUES ('LUX', '9', 'ee_e');
INSERT INTO JAVASCHOOL.TEMPLATE_ROWS (TEMPLATE_ID, ROW_NUMBER, ROW_SEATS) VALUES ('LUX', '10', 'ee_e');
INSERT INTO JAVASCHOOL.TEMPLATE_ROWS (TEMPLATE_ID, ROW_NUMBER, ROW_SEATS) VALUES ('LUX', '11', 'ee_e');
INSERT INTO JAVASCHOOL.TEMPLATE_ROWS (TEMPLATE_ID, ROW_NUMBER, ROW_SEATS) VALUES ('LUX', '12', 'ee_e');

INSERT INTO JAVASCHOOL.TEMPLATE_SEATS (TEMPLATE_ID, SEAT) VALUES ('ECO', '1_1');
INSERT INTO JAVASCHOOL.TEMPLATE_SEATS (TEMPLATE_ID, SEAT) VALUES ('ECO', '1_3');
INSERT INTO JAVASCHOOL.TEMPLATE_SEATS (TEMPLATE_ID, SEAT) VALUES ('ECO', '1_4');
INSERT INTO JAVASCHOOL.TEMPLATE_SEATS (TEMPLATE_ID, SEAT) VALUES ('ECO', '2_1');
INSERT INTO JAVASCHOOL.TEMPLATE_SEATS (TEMPLATE_ID, SEAT) VALUES ('ECO', '2_3');
INSERT INTO JAVASCHOOL.TEMPLATE_SEATS (TEMPLATE_ID, SEAT) VALUES ('ECO', '2_4');
INSERT INTO JAVASCHOOL.TEMPLATE_SEATS (TEMPLATE_ID, SEAT) VALUES ('ECO', '3_1');
INSERT INTO JAVASCHOOL.TEMPLATE_SEATS (TEMPLATE_ID, SEAT) VALUES ('ECO', '3_3');
INSERT INTO JAVASCHOOL.TEMPLATE_SEATS (TEMPLATE_ID, SEAT) VALUES ('ECO', '3_4');
INSERT INTO JAVASCHOOL.TEMPLATE_SEATS (TEMPLATE_ID, SEAT) VALUES ('ECO', '4_1');
INSERT INTO JAVASCHOOL.TEMPLATE_SEATS (TEMPLATE_ID, SEAT) VALUES ('ECO', '4_3');
INSERT INTO JAVASCHOOL.TEMPLATE_SEATS (TEMPLATE_ID, SEAT) VALUES ('ECO', '4_4');
INSERT INTO JAVASCHOOL.TEMPLATE_SEATS (TEMPLATE_ID, SEAT) VALUES ('ECO', '5_1');
INSERT INTO JAVASCHOOL.TEMPLATE_SEATS (TEMPLATE_ID, SEAT) VALUES ('ECO', '5_3');
INSERT INTO JAVASCHOOL.TEMPLATE_SEATS (TEMPLATE_ID, SEAT) VALUES ('ECO', '5_4');
INSERT INTO JAVASCHOOL.TEMPLATE_SEATS (TEMPLATE_ID, SEAT) VALUES ('ECO', '6_1');
INSERT INTO JAVASCHOOL.TEMPLATE_SEATS (TEMPLATE_ID, SEAT) VALUES ('ECO', '6_3');
INSERT INTO JAVASCHOOL.TEMPLATE_SEATS (TEMPLATE_ID, SEAT) VALUES ('ECO', '6_4');
INSERT INTO JAVASCHOOL.TEMPLATE_SEATS (TEMPLATE_ID, SEAT) VALUES ('ECO', '7_1');
INSERT INTO JAVASCHOOL.TEMPLATE_SEATS (TEMPLATE_ID, SEAT) VALUES ('ECO', '7_3');
INSERT INTO JAVASCHOOL.TEMPLATE_SEATS (TEMPLATE_ID, SEAT) VALUES ('ECO', '7_4');
INSERT INTO JAVASCHOOL.TEMPLATE_SEATS (TEMPLATE_ID, SEAT) VALUES ('ECO', '8_1');
INSERT INTO JAVASCHOOL.TEMPLATE_SEATS (TEMPLATE_ID, SEAT) VALUES ('ECO', '8_3');
INSERT INTO JAVASCHOOL.TEMPLATE_SEATS (TEMPLATE_ID, SEAT) VALUES ('ECO', '8_4');
INSERT INTO JAVASCHOOL.TEMPLATE_SEATS (TEMPLATE_ID, SEAT) VALUES ('ECO', '9_1');
INSERT INTO JAVASCHOOL.TEMPLATE_SEATS (TEMPLATE_ID, SEAT) VALUES ('ECO', '9_3');
INSERT INTO JAVASCHOOL.TEMPLATE_SEATS (TEMPLATE_ID, SEAT) VALUES ('ECO', '9_4');
INSERT INTO JAVASCHOOL.TEMPLATE_SEATS (TEMPLATE_ID, SEAT) VALUES ('ECO', '10_1');
INSERT INTO JAVASCHOOL.TEMPLATE_SEATS (TEMPLATE_ID, SEAT) VALUES ('ECO', '10_3');
INSERT INTO JAVASCHOOL.TEMPLATE_SEATS (TEMPLATE_ID, SEAT) VALUES ('ECO', '10_4');
INSERT INTO JAVASCHOOL.TEMPLATE_SEATS (TEMPLATE_ID, SEAT) VALUES ('ECO', '11_1');
INSERT INTO JAVASCHOOL.TEMPLATE_SEATS (TEMPLATE_ID, SEAT) VALUES ('ECO', '11_3');
INSERT INTO JAVASCHOOL.TEMPLATE_SEATS (TEMPLATE_ID, SEAT) VALUES ('ECO', '11_4');
INSERT INTO JAVASCHOOL.TEMPLATE_SEATS (TEMPLATE_ID, SEAT) VALUES ('ECO', '12_1');
INSERT INTO JAVASCHOOL.TEMPLATE_SEATS (TEMPLATE_ID, SEAT) VALUES ('ECO', '12_3');
INSERT INTO JAVASCHOOL.TEMPLATE_SEATS (TEMPLATE_ID, SEAT) VALUES ('ECO', '12_4');
INSERT INTO JAVASCHOOL.TEMPLATE_SEATS (TEMPLATE_ID, SEAT) VALUES ('ECO', '13_1');
INSERT INTO JAVASCHOOL.TEMPLATE_SEATS (TEMPLATE_ID, SEAT) VALUES ('ECO', '13_3');
INSERT INTO JAVASCHOOL.TEMPLATE_SEATS (TEMPLATE_ID, SEAT) VALUES ('ECO', '13_4');
INSERT INTO JAVASCHOOL.TEMPLATE_SEATS (TEMPLATE_ID, SEAT) VALUES ('ECO', '14_1');
INSERT INTO JAVASCHOOL.TEMPLATE_SEATS (TEMPLATE_ID, SEAT) VALUES ('ECO', '14_3');
INSERT INTO JAVASCHOOL.TEMPLATE_SEATS (TEMPLATE_ID, SEAT) VALUES ('ECO', '14_4');
INSERT INTO JAVASCHOOL.TEMPLATE_SEATS (TEMPLATE_ID, SEAT) VALUES ('ECO', '15_1');
INSERT INTO JAVASCHOOL.TEMPLATE_SEATS (TEMPLATE_ID, SEAT) VALUES ('ECO', '15_3');
INSERT INTO JAVASCHOOL.TEMPLATE_SEATS (TEMPLATE_ID, SEAT) VALUES ('ECO', '15_4');

INSERT INTO JAVASCHOOL.TEMPLATE_SEATS (TEMPLATE_ID, SEAT) VALUES ('LUX', '1_1');
INSERT INTO JAVASCHOOL.TEMPLATE_SEATS (TEMPLATE_ID, SEAT) VALUES ('LUX', '1_2');
INSERT INTO JAVASCHOOL.TEMPLATE_SEATS (TEMPLATE_ID, SEAT) VALUES ('LUX', '1_4');
INSERT INTO JAVASCHOOL.TEMPLATE_SEATS (TEMPLATE_ID, SEAT) VALUES ('LUX', '2_1');
INSERT INTO JAVASCHOOL.TEMPLATE_SEATS (TEMPLATE_ID, SEAT) VALUES ('LUX', '2_2');
INSERT INTO JAVASCHOOL.TEMPLATE_SEATS (TEMPLATE_ID, SEAT) VALUES ('LUX', '2_4');
INSERT INTO JAVASCHOOL.TEMPLATE_SEATS (TEMPLATE_ID, SEAT) VALUES ('LUX', '3_1');
INSERT INTO JAVASCHOOL.TEMPLATE_SEATS (TEMPLATE_ID, SEAT) VALUES ('LUX', '3_2');
INSERT INTO JAVASCHOOL.TEMPLATE_SEATS (TEMPLATE_ID, SEAT) VALUES ('LUX', '3_4');
INSERT INTO JAVASCHOOL.TEMPLATE_SEATS (TEMPLATE_ID, SEAT) VALUES ('LUX', '4_1');
INSERT INTO JAVASCHOOL.TEMPLATE_SEATS (TEMPLATE_ID, SEAT) VALUES ('LUX', '4_2');
INSERT INTO JAVASCHOOL.TEMPLATE_SEATS (TEMPLATE_ID, SEAT) VALUES ('LUX', '4_4');
INSERT INTO JAVASCHOOL.TEMPLATE_SEATS (TEMPLATE_ID, SEAT) VALUES ('LUX', '5_1');
INSERT INTO JAVASCHOOL.TEMPLATE_SEATS (TEMPLATE_ID, SEAT) VALUES ('LUX', '5_2');
INSERT INTO JAVASCHOOL.TEMPLATE_SEATS (TEMPLATE_ID, SEAT) VALUES ('LUX', '5_4');
INSERT INTO JAVASCHOOL.TEMPLATE_SEATS (TEMPLATE_ID, SEAT) VALUES ('LUX', '6_1');
INSERT INTO JAVASCHOOL.TEMPLATE_SEATS (TEMPLATE_ID, SEAT) VALUES ('LUX', '6_2');
INSERT INTO JAVASCHOOL.TEMPLATE_SEATS (TEMPLATE_ID, SEAT) VALUES ('LUX', '6_4');
INSERT INTO JAVASCHOOL.TEMPLATE_SEATS (TEMPLATE_ID, SEAT) VALUES ('LUX', '7_1');
INSERT INTO JAVASCHOOL.TEMPLATE_SEATS (TEMPLATE_ID, SEAT) VALUES ('LUX', '7_2');
INSERT INTO JAVASCHOOL.TEMPLATE_SEATS (TEMPLATE_ID, SEAT) VALUES ('LUX', '7_4');
INSERT INTO JAVASCHOOL.TEMPLATE_SEATS (TEMPLATE_ID, SEAT) VALUES ('LUX', '8_1');
INSERT INTO JAVASCHOOL.TEMPLATE_SEATS (TEMPLATE_ID, SEAT) VALUES ('LUX', '8_2');
INSERT INTO JAVASCHOOL.TEMPLATE_SEATS (TEMPLATE_ID, SEAT) VALUES ('LUX', '8_4');
INSERT INTO JAVASCHOOL.TEMPLATE_SEATS (TEMPLATE_ID, SEAT) VALUES ('LUX', '9_1');
INSERT INTO JAVASCHOOL.TEMPLATE_SEATS (TEMPLATE_ID, SEAT) VALUES ('LUX', '9_2');
INSERT INTO JAVASCHOOL.TEMPLATE_SEATS (TEMPLATE_ID, SEAT) VALUES ('LUX', '9_4');
INSERT INTO JAVASCHOOL.TEMPLATE_SEATS (TEMPLATE_ID, SEAT) VALUES ('LUX', '10_1');
INSERT INTO JAVASCHOOL.TEMPLATE_SEATS (TEMPLATE_ID, SEAT) VALUES ('LUX', '10_2');
INSERT INTO JAVASCHOOL.TEMPLATE_SEATS (TEMPLATE_ID, SEAT) VALUES ('LUX', '10_4');
INSERT INTO JAVASCHOOL.TEMPLATE_SEATS (TEMPLATE_ID, SEAT) VALUES ('LUX', '11_1');
INSERT INTO JAVASCHOOL.TEMPLATE_SEATS (TEMPLATE_ID, SEAT) VALUES ('LUX', '11_2');
INSERT INTO JAVASCHOOL.TEMPLATE_SEATS (TEMPLATE_ID, SEAT) VALUES ('LUX', '11_4');
INSERT INTO JAVASCHOOL.TEMPLATE_SEATS (TEMPLATE_ID, SEAT) VALUES ('LUX', '12_1');
INSERT INTO JAVASCHOOL.TEMPLATE_SEATS (TEMPLATE_ID, SEAT) VALUES ('LUX', '12_2');
INSERT INTO JAVASCHOOL.TEMPLATE_SEATS (TEMPLATE_ID, SEAT) VALUES ('LUX', '12_4');
